experiment,mAP50,mAP50-95,precision,recall,training_time_sec
baseline_v1,0.7355700878413008,0.43756170191998933,0.7595570867737108,0.6464090539929951,5667.62
